{
  "PFNA": "First Name",
  "PLNA": "Last Name",
  "PPOS": "Position",
  "TGID": "Team ID",
  "PJEN": "Jersey Number",
  "POVR": "Overall Rating",
  "PLSL": "Left Sleeve",
  "PRSL": "Right Sleeve",
  "PLWR": "Left Wristband",
  "PRWR": "Right Wristband",
  "PLBB": "Left Bicep Band",
  "PRBB": "Right Bicep Band",
  "PLFB": "Left Forearm",
  "PRFB": "Right Forearm",
  "PLEL": "Left Elbow",
  "PREL": "Right Elbow",
  "PFLK": "Flak Jacket",
  "PHLM": "Helmet",
  "PLSO": "Socks",
  "PVIS": "Visor",
  "PEYE": "Eye Black",
  "PMPC": "Mouthpiece",
  "PLSH": "Left Shoe",
  "PRSH": "Right Shoe",
  "PLKL": "Left Knee (Locked)",
  "PRKL": "Right Knee (Locked)",
  "PLKN": "Left Knee Pad",
  "PRKN": "Right Knee Pad",
  "PLCB": "Left Calf Brace",
  "PRCB": "Right Calf Brace",
  "PNEK": "Neck Pad",
  "PHGT": "Height",
  "PWGT": "Weight"
}
