{
	"PRG1": "",
	"SRK1": "",
	"PRG2": "",
	"SRK2": "",
	"SRK3": "",
	"BSAA": "Arm Definition",
	"BSBA": "Butt Definition",
	"BSCA": "Calf Definition",
	"PYEA": "Year",
	"BSFA": "Foot Definition",
	"PRGA": "",
	"BSGA": "Stomach Definition",
	"PLHA": "Left Hand",
	"PRHA": "Right Hand",
	"PTHA": "Throwing Accuracy",
	"PFNA": "First Name",
	"PLNA": "Last Name",
	"BSPA": "Pad Definition",
	"BSSA": "Chest Definition",
	"BSTA": "Thigh Definition",
	"PSTA": "Stamina",
	"BSWA": "Waist Definition",
	"PLBB": "Left Bicep",
	"PRBB": "Right Bicep",
	"PLCB": "Left Calf",
	"PRCB": "Right Calf",
	"PLFB": "Left Forearm",
	"PRFB": "Right Forearm",
	"PKAC": "Kick Accuracy",
	"PACC": "Acceleration",
	"PMPC": "Mouthpiece",
	"PPRC": "Play Recognition",
	"RCHD": "Hometown",
	"PGID": "Player ID",
	"TGID": "Team",
	"POID": "Original Player ID",
	"PSPD": "Speed",
	"PRSD": "Redshirt",
	"PGHE": "Face",
	"PUHE": "Head",
	"PBRE": "Nasal Strip",
	"PEYE": "Eye Paint",
	"TRAF": "Catch in Traffic",
	"PPBF": "Pass Blocking Footwork",
	"PBSH": "Block Shedding",
	"PLSH": "Left Shoe",
	"PRSH": "Right Shoe",
	"PCTH": "Catching",
	"PLTH": "Left Thigh",
	"PRTH": "Right Thigh",
	"PAGI": "Agility",
	"PINJ": "Injury",
	"PBAK": "Back Plate",
	"PTAK": "Tackling",
	"PPBK": "Pass Blocking",
	"PRBK": "Run Blocking",
	"PNEK": "Neckpad",
	"PFLK": "Flak Jacket",
	"PFMK": "Facemask",
	"PTRK": "Trucking",
	"PBTK": "Break Tackle",
	"PTAL": "Left Tattoo",
	"PIBL": "Impact Blocking",
	"PHCL": "Hair Color",
	"PLEL": "Left Elbow",
	"PREL": "Right Elbow",
	"PLKL": "Left Knee Brace",
	"PSPL": "Left Ankle",
	"PLSL": "Left Sleeve",
	"PHLM": "Helmet",
	"PHAN": "Preferred Hand",
	"PJEN": "Jersey Number",
	"PTEN": "Tendency",
	"PWIN": "Win Rate",
	"PLKN": "Left Knee",
	"PRKN": "Right Knee",
	"PLSO": "Socks",
	"PTHP": "Throwing Power",
	"PIMP": "Importance",
	"PJMP": "Jumping",
	"PTYP": "Player Type",
	"PCAR": "Carrying",
	"PSAR": "Stiff Arm",
	"PTAR": "Right Tattoo",
	"PJER": "Jersey Sleeves",
	"PLKR": "Right Knee Brace",
	"PKPR": "Kick Power",
	"PSPR": "Right Ankle",
	"PLSR": "Right Sleeve",
	"PRTR": "Route Running",
	"PSTR": "Strength",
	"POVR": "Overall Rating",
	"PAWR": "Awareness",
	"PLWR": "Left Wrist",
	"PRWR": "Right Wrist",
	"PPBS": "Pass Blocking Strength",
	"PRBS": "Run Blocking Strength",
	"PDIS": "Discipline",
	"PVIS": "Visor",
	"RELS": "Release",
	"PPOS": "Position",
	"PPRS": "Pursuit",
	"PYRS": "Press",
	"BSAT": "Arm Size",
	"BSBT": "Butt Size",
	"SPCT": "Special Catch",
	"BSCT": "Calf Size",
	"BSFT": "Foot Size",
	"PHGT": "Height",
	"BSGT": "Stomach Size",
	"PWGT": "Weight",
	"PHIT": "Hit Power",
	"BSPT": "Pad Size",
	"PKRT": "Kick Return",
	"BSST": "Chest Size",
	"BSTT": "Thigh Size",
	"BSWT": "Waist Size",
	"PBCV": "Ball Carrier Vision",
	"PMCV": "Man Coverage",
	"PZCV": "Zone Coverage",
	"PFMV": "Finesse Moves",
	"PJMV": "Juke Move",
	"PPMV": "Power Moves",
	"PSMV": "Spin Move",
	"PESV": "Elusiveness",
	"PBFW": "Run Blocking Footwork",
	"PLHW": "Hand Warmer",
	"PLTW": "Towel",
	"PSTY": "Throwing Style",
	"sgmp": "Games Played"
}
