{
  "0": {
    "ranges": [[1, 15]],
    "impact": [1, 2, 7, 10, 12, 15]
  },
  "1": {
    "ranges": [[1, 30]],
    "impact": [1, 2, 3, 4, 5, 6, 8, 9, 11, 23, 25]
  },
  "2": {
    "ranges": [[20, 40]],
    "impact": [32, 34]
  },
  "3": {
    "ranges": [[1, 20]],
    "impact": [1, 2, 3, 5, 8, 9, 11, 13]
  },
  "4": {
    "ranges": [[80, 89]],
    "impact": [82, 84]
  },
  "5": {
    "ranges": [[50, 79]],
    "impact": [50, 60, 69, 70]
  },
  "6": {
    "ranges": [[50, 79]],
    "impact": [50, 60, 69, 70]
  },
  "7": {
    "ranges": [[50, 79]],
    "impact": [50, 60, 69, 70]
  },
  "8": {
    "ranges": [[50, 79]],
    "impact": [50, 60, 69, 70]
  },
  "9": {
    "ranges": [[50, 79]],
    "impact": [50, 60, 69, 70]
  },
  "10": {
    "ranges": [[1, 15], [90, 99]],
    "impact": [3, 8, 9, 10, 11, 98]
  },
  "11": {
    "ranges": [[1, 15], [90, 99]],
    "impact": [3, 8, 9, 10, 11, 98]
  },
  "12": {
    "ranges": [[1, 15], [90, 99]],
    "impact": [3, 8, 9, 10, 11, 98]
  },
  "13": {
    "ranges": [[1, 20], [50, 55]],
    "impact": [1, 2, 3, 5, 7, 9, 10, 15, 55]
  },
  "14": {
    "ranges": [[1, 20], [50, 55]],
    "impact": [1, 2, 3, 5, 7, 9, 10, 15, 55]
  },
  "15": {
    "ranges": [[1, 20], [50, 55]],
    "impact": [1, 2, 3, 5, 7, 9, 10, 15, 55]
  },
  "16": {
    "ranges": [[1, 30]],
    "impact": [1, 2, 6, 7, 8, 11, 13]
  },
  "17": {
    "ranges": [[1, 33]],
    "impact": [1, 3, 5, 9, 21, 23, 27, 33]
  },
  "18": {
    "ranges": [[1, 33]],
    "impact": [1, 3, 5, 9, 21, 23, 27, 33]
  },
  "19": {
    "ranges": [[40, 99]],
    "impact": [44, 66, 77, 88, 99]
  },
  "20": {
    "ranges": [[40, 99]],
    "impact": [44, 66, 77, 88, 99]
  }
}
