{
	"1": "Air Force",
	"2": "Akron",
	"3": "Alabama",
	"4": "Arizona",
	"5": "Arizona State",
	"6": "Arkansas",
	"7": "Arkansas State",
	"8": "Army",
	"9": "Auburn",
	"10": "Ball State",
	"11": "Baylor",
	"12": "Boise State",
	"13": "Boston College",
	"14": "Bowling Green",
	"15": "Buffalo",
	"16": "BYU",
	"17": "California",
	"18": "UCF",
	"19": "Central Michigan",
	"20": "Cincinnati",
	"21": "Clemson",
	"22": "Colorado",
	"23": "Colorado State",
	"24": "Duke",
	"25": "East Carolina",
	"26": "Eastern Michigan",
	"27": "Florida",
	"28": "Florida State",
	"29": "Fresno State",
	"30": "Georgia",
	"31": "Georgia Tech",
	"32": "Hawai'i",
	"33": "Houston",
	"34": "Appalachian State",
	"35": "Illinois",
	"36": "Indiana",
	"37": "Iowa",
	"38": "Iowa State",
	"39": "Kansas",
	"40": "Kansas State",
	"41": "Kent State",
	"42": "Kentucky",
	"43": "Louisiana Tech",
	"44": "Louisville",
	"45": "LSU",
	"46": "Marshall",
	"47": "Maryland",
	"48": "Memphis",
	"49": "Miami",
	"50": "Miami (OH)",
	"51": "Michigan",
	"52": "Michigan State",
	"53": "Mid Tenn State",
	"54": "Minnesota",
	"55": "Mississippi State",
	"56": "Missouri",
	"57": "Navy",
	"58": "Nebraska",
	"59": "Nevada",
	"60": "New Mexico",
	"61": "Coastal Carolina",
	"62": "North Carolina",
	"63": "NC State",
	"64": "North Texas",
	"65": "ULM",
	"66": "Northern Illinois",
	"67": "Northwestern",
	"68": "Notre Dame",
	"69": "Ohio",
	"70": "Ohio State",
	"71": "Oklahoma",
	"72": "Oklahoma State",
	"73": "Ole Miss",
	"74": "Oregon",
	"75": "Oregon State",
	"76": "Penn State",
	"77": "Pittsburgh",
	"78": "Purdue",
	"79": "Rice",
	"80": "Rutgers",
	"81": "San Diego State",
	"82": "San Jose State",
	"83": "SMU",
	"84": "South Carolina",
	"85": "Southern Miss",
	"86": "Louisiana",
	"87": "Stanford",
	"88": "Syracuse",
	"89": "TCU",
	"90": "Temple",
	"91": "Tennessee",
	"92": "Texas",
	"93": "Texas A&M",
	"94": "Texas Tech",
	"95": "Toledo",
	"96": "Tulane",
	"97": "Tulsa",
	"98": "UAB",
	"99": "UCLA",
	"100": "Charlotte",
	"101": "UNLV",
	"102": "USC",
	"103": "Utah",
	"104": "Utah State",
	"105": "UTEP",
	"106": "Vanderbilt",
	"107": "Virginia",
	"108": "Virginia Tech",
	"109": "Wake Forest",
	"110": "Washington",
	"111": "Washington State",
	"112": "West Virginia",
	"113": "Western Michigan",
	"114": "Wisconsin",
	"115": "Wyoming",
	"143": "Troy",
	"144": "USF",
	"160": "FCS East",
	"161": "FCS West",
	"162": "FBS Generic",
	"163": "FCS Midwest",
	"164": "FCS Southeast",
	"181": "Georgia Southern",
	"211": "Western Kentucky",
	"218": "Texas State",
	"229": "Florida Atlantic",
	"230": "James Madison",
	"232": "UTSA",
	"233": "Georgia State",
	"234": "Old Dominion",
	"235": "South Alabama"
}
